feature,bucket,train_n,oos_n,train_mean_bps,oos_mean_bps,train_excess_bps,oos_excess_bps,train_wr_pct,oos_wr_pct,train_sharpe_ish,oos_sharpe_ish,train_range_low,train_range_high
rsi_7,0,18301,16499,2.137937099184441,1.6298924099831555,1.096121308183915,0.07214840826098023,55.155455986011695,53.48809018728408,0.015547528221456615,0.015221534799848854,0.0,30.76923076923184
rsi_7,1,18301,16541,0.4029378719097971,2.3006618180303695,-0.638877919090729,0.7429178163081942,53.23206382164909,52.82026479656611,0.0032290123811650625,0.022826760561311225,30.76923076923184,44.16996849199683
rsi_7,2,18300,16202,1.0612973967511454,2.9662441235064354,0.019481605750619302,1.40850012178426,50.30054644808744,52.35156153561289,0.008803379862638674,0.029510601991174716,44.16996849199683,56.04993201011607
rsi_7,3,18301,17060,-2.2408735671490696,0.7307049310111906,-3.2826893581495957,-0.8270390707109847,46.21605376755368,49.41969519343494,-0.017858178188416594,0.007436196902821841,56.04993201011607,69.3732027185149
rsi_7,4,18301,17210,3.847781218816768,0.2683650003118927,2.805965427816242,-1.2893790014102826,46.39637178296268,48.169668797210925,0.028500758636913006,0.002593113793019454,69.3732027185149,99.99164438502504
rsi_14,0,18363,16477,1.848862027581658,-0.12252302801965813,0.8355651349396691,-1.7191806586340586,56.276207591352176,53.347089882867024,0.0130822468738121,-0.001145880251239668,0.6028636021103893,37.00816514256555
rsi_14,1,18362,16566,2.8086193814514413,2.9351387436070397,1.7953224888094523,1.3384811129926393,54.563773009476094,53.54340214897984,0.022567802908176605,0.02902508424860507,37.00816514256555,46.1725565081746
rsi_14,2,18363,16218,-0.30975227186791904,3.3138555099935028,-1.323049164509908,1.7171978793791023,49.83935086859446,52.13343198914786,-0.0026165651439253395,0.03345995914748149,46.1725565081746,54.05961504687044
rsi_14,3,18362,16984,-2.4499060496856244,0.6658628461504974,-3.463202942327613,-0.9307947844639031,45.33275242348328,49.205134243994344,-0.020665519822343922,0.006742493902813311,54.05961504687044,63.40304215720421
rsi_14,4,18363,17583,3.168570547409662,1.2443177392126585,2.155273654767673,-0.35233989140174193,45.292163589827375,48.052095774327476,0.023176153183166397,0.011959672573170389,63.40304215720421,98.8872936109117
rsi_21,0,18362,16643,1.4855329749985726,0.3228382574459898,0.5111786443114608,-1.2738193731684107,56.807537305304436,53.71026858138557,0.010150986517960803,0.00304637724178282,1.7638666724309076,39.47777383778127
rsi_21,1,18361,16395,3.926990479539997,2.3374140552905525,2.952636148852885,0.740756424676152,55.394586351505914,52.99176578225069,0.033020317672479586,0.022595691599940834,39.47777383778127,46.98781380892566
rsi_21,2,18361,15796,-0.7815780010411048,1.9766384946828526,-1.7559323317282165,0.3799808640684521,49.22934480692773,51.20283616105343,-0.0067654631983838755,0.019626640054651447,46.98781380892566,53.191583085291875
rsi_21,3,18361,16841,-2.8564330528012967,1.7939787449514937,-3.8307873834884085,0.1973211143370932,44.85049833887043,49.99703105516299,-0.023554874669249187,0.018664356563844242,53.191583085291875,60.74771452033377
rsi_21,4,18362,18162,3.097115799762243,1.5818030787864126,2.1227614690751313,-0.014854551827987894,45.00599063282867,48.408765554454355,0.02277921032063697,0.015271602425345275,60.74771452033377,96.79341743049883
macd_hist_pct,0,18366,14383,6.164369562894198,-0.13637572342230755,5.061950781416384,-1.733033354036708,54.51377545464445,51.82507126468748,0.03974257886157392,-0.0011342744915751372,-0.020806144199140526,-0.0005922150969905828
macd_hist_pct,1,18365,18862,-0.616049241648361,2.491842592789349,-1.718468023126174,0.8951849621749484,51.364007623196294,52.475877425511605,-0.005532888136391233,0.02692173326606544,-0.0005922150969905828,-0.00014056283629743267
macd_hist_pct,2,18366,17624,0.23919443213676153,2.510998905288074,-0.8632243493410515,0.9143412746736737,50.22323859305238,51.15183840217885,0.0023777303559099545,0.029570874335739142,-0.00014056283629743267,0.00014580259768119425
macd_hist_pct,3,18365,18122,1.004735042825523,0.9421290691855106,-0.09768373865228996,-0.6545285614288898,48.25483256193847,50.104844939852114,0.008802270003538512,0.010074100941433075,0.00014580259768119425,0.0005869731823389812
macd_hist_pct,4,18366,14846,-1.2802547754444387,1.851827773409201,-2.382673556922252,0.25517014279480055,46.95633235326146,50.383941802505724,-0.008345139253311745,0.015285935703162624,0.0005869731823389812,0.013997083577153102
price_vs_ema_20,0,18366,15000,3.031917361457712,3.045082587716713,1.9294985799798992,1.4484249571023124,56.44125013612109,55.37333333333333,0.018381643651123377,0.024444724124953812,-0.15116477820877453,-0.0031260581154604326
price_vs_ema_20,1,18365,17747,1.1257940362956154,0.20871844635663925,0.023375254817802338,-1.3879391842577613,55.44241764225429,52.19473713867132,0.010451839871134476,0.002259502843136356,-0.0031260581154604326,-0.0006766323156277051
price_vs_ema_20,2,18366,16183,-0.1407728979099382,1.834942337612408,-1.2431916793877513,0.23828470699800763,49.75498203201568,51.6282518692455,-0.001593816429018983,0.022283189652640277,-0.0006766323156277051,0.0007601223700568884
price_vs_ema_20,3,18365,18901,-0.41865790394060437,0.4027916585439146,-1.5210766854184175,-1.1938659720704858,44.20909338415464,48.6164753187662,-0.003815619643214741,0.00432804022167231,0.0007601223700568884,0.003170693374463556
price_vs_ema_20,4,18366,16006,1.913731763983798,2.947056335552754,0.811312982505985,1.3503987049383535,45.46444517042361,48.819192802698986,0.0122217242918844,0.02541114778979063,0.003170693374463556,0.07472391909517793
price_vs_ema_50,0,18366,14858,1.5799249120912522,3.4898022969890237,0.47750613061343916,1.8931446663746232,55.92943482522051,55.41122627540719,0.009542115987812228,0.0273172272168199,-0.17022995914777347,-0.005477100797569981
price_vs_ema_50,1,18365,17207,0.3933446494461099,0.7001477252821661,-0.7090741320317031,-0.8965099053322344,54.21726109447318,52.85058406462486,0.003744712282093002,0.007384777140445078,-0.005477100797569981,-0.0012154744570978088
price_vs_ema_50,2,18366,16010,0.09935091156350274,0.3359661639586482,-1.0030678699143103,-1.2606914666557523,50.29946640531416,51.292941911305434,0.0010901111120377575,0.003981973392249989,-0.0012154744570978088,0.0012306665169147509
price_vs_ema_50,3,18365,20468,2.712830415931745,1.424902839357032,1.6104116344539319,-0.17175479125736848,45.33623740811326,49.120578463943716,0.023351957299812903,0.015755958980337745,0.0012306665169147509,0.005742641001520696
price_vs_ema_50,4,18366,15294,0.7266920947749705,2.315701042192275,-0.3757266867028425,0.7190434115778743,45.52978329521943,47.95344579573689,0.004799956432312908,0.02053875706911962,0.005742641001520696,0.09998449497927411
price_vs_ema_200,0,18366,13586,0.7939578124956628,4.546879891163013,-0.30846096898215025,2.950222260548613,53.81139061308941,55.57927278080377,0.004675260519243299,0.03423307787998316,-0.1812897325587083,-0.013237680486125503
price_vs_ema_200,1,18365,18015,0.5598737002124847,-0.5965351392345728,-0.5425450812653283,-2.1931927698489733,53.683637353661865,52.41742991951151,0.005187848058780112,-0.006195805333237918,-0.013237680486125503,-0.002886358191674265
price_vs_ema_200,2,18366,16170,0.9100944029917828,2.3511387529052947,-0.19232437848603023,0.7544811222908943,49.36839812697376,51.44712430426716,0.009934340553801628,0.02675731051744119,-0.002886358191674265,0.003073612752012423
price_vs_ema_200,3,18365,21339,0.3531956649033756,1.869673464440091,-0.7492231165744374,0.2730158338256905,47.35093928668663,49.6743052626646,0.0030883149274677454,0.02055138481140884,0.003073612752012423,0.01402227965118684
price_vs_ema_200,4,18366,14727,2.894901992025996,0.33386164307896216,1.792483210548183,-1.2627959875354384,47.097898290319065,47.62680790385007,0.019876143157462615,0.003157281236341546,0.01402227965118684,0.1403598215863173
ema_20_slope,0,18364,14969,3.6972910732351694,4.129621689922937,2.6622527862606375,2.5329640593085365,55.592463515573954,54.766517469436835,0.022649698038332815,0.034111862164681025,-0.07204330151038334,-0.003340368513823604
ema_20_slope,1,18363,17955,0.0005244190230363621,0.21899967948390459,-1.0345138679514951,-1.3776579511304958,54.8929913412841,52.03007518796993,4.94613852429222e-06,0.0023383404207336397,-0.003340368513823604,-0.0007042844989729506
ema_20_slope,2,18363,15836,0.44228099410417054,0.0936088948001187,-0.592757292870361,-1.5030487358142817,49.40913794042368,51.47133114422834,0.004832146537221297,0.001064112255368696,-0.0007042844989729506,0.0007764213915787117
ema_20_slope,3,18363,18712,0.28430817468599207,0.7297833877240257,-0.7507301122885395,-0.8668742428903747,44.70402439688504,49.075459598118854,0.002447000661735155,0.007774931532835155,0.0007764213915787117,0.0033926541254174873
ema_20_slope,4,18363,16365,0.7506417946386315,3.236935059400116,-0.28439649233590014,1.6402774287857154,46.71349997277133,49.208677054689886,0.0049967255310214495,0.028674536448060665,0.0033926541254174873,0.06398846922504177
ema_50_slope,0,18364,14845,-0.02830327192243803,4.5939772361898665,-1.0633415588969697,2.9973196055754663,54.20387715094751,55.08251936679016,-0.00017599758344221606,0.037136492742225975,-0.044985393152288215,-0.0025125229227359685
ema_50_slope,1,18363,17464,1.5911537301979377,0.2769653767639846,0.5561154432234061,-1.3196922538504159,53.722158688667434,52.62253779202932,0.014436593117424169,0.0029116075379550434,-0.0025125229227359685,-0.0005508772511362825
ema_50_slope,2,18363,15363,-0.4687189630413364,0.5410632851972007,-1.503757250015868,-1.0555943454171999,50.503730327288565,51.51337629369264,-0.005018786652339876,0.0059792058494554665,-0.0005508772511362825,0.0005497331519096224
ema_50_slope,3,18363,20764,3.588691569568613,0.617209230490891,2.553653282594081,-0.9794484001235094,46.10902358002505,49.00789828549412,0.029548565309069342,0.006703306468805449,0.0005497331519096224,0.002641017644352682
ema_50_slope,4,18363,15401,0.49242627681490625,2.5775198139326823,-0.5426120101596253,0.9808621833182818,46.77340303871917,48.50334393870528,0.0034102952429164433,0.023466999809507543,0.002641017644352682,0.038655646387721315
bb_pctb,0,18362,17139,2.615119430479121,1.8852051006853603,1.6252522060500203,0.2885474700709598,56.97636423047599,54.08716961316296,0.018658402305169047,0.017138094852696777,-0.5536616006569909,0.2127766065405152
bb_pctb,1,18362,16017,1.143834590418301,1.3013118926295997,0.1539673659891999,-0.2953457379848008,54.49297462150092,52.98745083348941,0.009194290048226526,0.013347821547978192,0.2127766065405152,0.405760258786871
bb_pctb,2,18361,15739,0.7449380834719929,2.3181066711537093,-0.24492914095710816,0.7214490405393088,50.74886988726104,52.0935256369528,0.0063506681617451245,0.023481517744354245,0.405760258786871,0.6051908265072298
bb_pctb,3,18362,16877,-1.8814987894706507,3.008862627784255,-2.8713660138997517,1.4122049971698545,45.18570961768871,49.93185992771227,-0.01575607365925238,0.02986305576287442,0.6051908265072298,0.7886650024674309
bb_pctb,4,18362,18065,2.3269294683326276,-0.3631282863813074,1.3370622439035267,-1.959785916995708,43.889554514758736,47.29587600332134,0.016867057346569094,-0.0035540077538689925,0.7886650024674309,1.5494224114797335
bb_width_pct,0,18362,17005,0.3284684699848327,-0.20237399729927685,-0.6613987544442683,-1.7990316279136773,49.40638274697745,50.12055277859453,0.004641381053030029,-0.0031082142211363087,0.0008001603811488982,0.006392991955425704
bb_width_pct,1,18362,20954,-0.28965514664264025,0.18763898262729375,-1.2795223710717414,-1.4090186479871067,49.58610173183749,50.83039037892526,-0.002829677208681592,0.0020729853046205574,0.006392991955425704,0.010244047469654016
bb_width_pct,2,18361,19217,-0.591395034290977,1.732927734762705,-1.581262258720078,0.13627010414830454,49.32193235662546,51.67299786647239,-0.00506754804921411,0.017271417043750587,0.010244047469654016,0.015266093220562441
bb_width_pct,3,18362,15010,3.0038614121310023,2.5350828209904983,2.0139941877019014,0.9384251903760978,51.17634244635661,51.379080612924724,0.02193191568702592,0.022098489430362765,0.015266093220562441,0.024844638125399776
bb_width_pct,4,18362,11651,2.4979703049487623,5.322745080930315,1.5081030805196614,3.726087450315915,51.80263587844461,52.45043343918977,0.013485881940773456,0.03724034428104742,0.024844638125399776,0.2398058369113922
atr_pct,0,18363,21007,1.7406722463616076,-0.3525003384138443,0.7166431404814577,-1.9491579690282448,50.00816859990198,50.30228019231685,0.02893390691799893,-0.005601454271455262,0.00012075569252539447,0.002075906877618653
atr_pct,1,18363,25162,-1.1882964064511676,-0.6423271715741046,-2.2123255123313177,-2.2389848021885053,49.05516527800468,49.98807725935935,-0.012813791768211404,-0.007121244627841786,0.002075906877618653,0.0031550675048724153
atr_pct,2,18363,16809,-0.25500205930007985,1.4591351426930468,-1.2790311651802297,-0.1375224879213537,49.049719544736696,51.21066095544053,-0.0021352681265358327,0.01406469140025577,0.0031550675048724153,0.0042417840550421065
atr_pct,3,18363,11748,1.7626523198234534,2.7737469209052676,0.7386232139433035,1.1770892902908672,51.63099711376137,53.08988764044944,0.013530828125692998,0.02322121219294036,0.0042417840550421065,0.005798672600940859
atr_pct,4,18363,9111,3.060119428966937,11.010165211031083,2.0360903230867873,9.413507580416683,51.565648314545555,54.1872461859291,0.015530419576453382,0.06847017575209442,0.005798672600940859,0.07568649226547526
atr_pct_rank_500,0,18370,16807,-1.2923901998266498,0.39371172259718734,-2.240704905511943,-1.2029459080172131,48.93304300489929,50.389718569643605,-0.012883996808244374,0.005842544375087918,0.002,0.162
atr_pct_rank_500,1,18217,14818,2.301143386858824,-3.382599206788129,1.352828681173531,-4.97925683740253,50.12351100620299,49.338642191928734,0.020260375032527353,-0.035821984765599876,0.162,0.374
atr_pct_rank_500,2,18279,17308,1.6409190567969067,-1.9315714897363396,0.692604351111614,-3.52822912035074,49.84955413315827,49.51467529466142,0.01385453233628637,-0.019268687025786456,0.374,0.588
atr_pct_rank_500,3,18196,17362,0.8934893017237618,4.144438192355583,-0.054825403961530905,2.547780561741183,50.35722136733348,52.119571477940326,0.006919622906656705,0.03805366709167378,0.588,0.802
atr_pct_rank_500,4,18254,17542,1.21427050418595,7.914783454052785,0.2659557985006573,6.318125823438384,51.96121398049742,54.315357427887356,0.007683036782768562,0.06227954924279915,0.802,1.0
vol_z_50,0,18356,18459,2.121334087817073,1.4225239334529014,1.0691641751534375,-0.17413369716149907,50.40858574852909,50.97784278671651,0.017503806054826255,0.016470935764268918,-1.8310969366509273,-0.6800904545638607
vol_z_50,1,18356,15864,0.5289862091899156,2.187413814780466,-0.5231837034737201,0.5907561841660656,50.09806057964698,50.7816439737771,0.004812667529207989,0.023978513805349867,-0.6800904545638607,-0.4565104784505707
vol_z_50,2,18355,15949,-0.3907582348448915,1.10556239766297,-1.4429281475085272,-0.4910952329514304,49.95369109234541,51.376261834597784,-0.0032718424855372823,0.011230221489340242,-0.4565104784505707,-0.1540496782864488
vol_z_50,3,18356,16421,1.6176859557375518,2.5765135138399664,0.5655160430739161,0.9798558832255659,50.757245587273914,51.525485658607884,0.012042788784562067,0.023672296276354903,-0.1540496782864488,0.5045965633045884
vol_z_50,4,18356,17141,1.3835229374349012,0.7769997879161507,0.3313530247712655,-0.8196578426982498,50.11440400958814,51.36806487369465,0.009160079430931082,0.006381636593315674,0.5045965633045884,6.855239176967947
stoch_k_14,0,18363,18448,2.148762382952208,0.6730102715497047,1.124733277072058,-0.9236473590646957,55.07814627239558,53.58304423243712,0.015492406865453756,0.006339806855564383,0.0,25.425150778646554
stoch_k_14,1,18363,14859,1.0765940680241939,2.2898149967497297,0.05256496214404405,0.6931573661353292,53.16124816206502,52.284810552527084,0.008723091492260332,0.022625722427929398,25.425150778646554,42.74927114526216
stoch_k_14,2,18363,15029,-0.16995070805898688,4.054848888432896,-1.1939798139391367,2.4581912578184957,50.0353972662419,52.37873444673631,-0.0013888686973707674,0.041207911348096156,42.74927114526216,59.78442874858446
stoch_k_14,3,18363,15757,-1.1560222322202263,2.6510045731203795,-2.180051338100376,1.054346942505979,47.15460436747808,50.606079837532526,-0.009573920821620722,0.026807550141597226,59.78442874858446,76.65938927002114
stoch_k_14,4,18363,19744,3.2207620187035624,-0.7745781883787236,2.1967329128234123,-2.371235818993124,45.8803027827697,47.7461507293355,0.02383913739501687,-0.007455577342605495,76.65938927002114,100.0
adx_14,0,18361,19203,-0.430165589740657,2.911786678328263,-1.4193290964584704,1.3151290477138626,49.414519906323186,51.18991824194137,-0.003489006587089658,0.030572847192841427,3.65103043362875,22.599577054739484
adx_14,1,18360,16230,2.0054865870241296,-0.5155757614355697,1.0163230803063161,-2.11223339204997,49.651416122004356,50.37584719654959,0.015632197837613115,-0.00504539285449729,22.599577054739484,30.22466053116648
adx_14,2,18360,17006,3.7011603761256895,0.061554968292576104,2.711996869407876,-1.5351026623218245,50.98039215686274,50.817358579324946,0.029306894997155348,0.000619023042347288,30.22466053116648,38.82442885637054
adx_14,3,18360,16583,1.0868223953570455,2.797069030423914,0.097658888639232,1.2004113998095136,50.789760348583876,51.45028040764639,0.008575759098352835,0.026190814300563945,38.82442885637054,50.77823873393157
adx_14,4,18361,14815,-1.4172778598795888,2.624444230825366,-2.4064413665974023,1.0277866002109655,50.46021458526224,52.29159635504557,-0.010451219021405531,0.024363818123963817,50.77823873393157,99.01434915511233
di_diff,0,18363,15776,1.1114203764576742,-0.44172277570477997,0.08739127057752438,-2.0383804063191806,56.45047105592768,53.35319472616633,0.00818357798776894,-0.004129787394970021,-78.06862076800712,-17.222370562602567
di_diff,1,18363,17041,3.1895974504293476,2.3772710964734087,2.1655683445491976,0.7806134658590083,54.37020094755759,53.43583123056158,0.025344557753987414,0.023548754027698543,-17.222370562602567,-5.632991484388945
di_diff,2,18363,17367,-0.38167645233217234,1.9718522936027778,-1.4057055582123221,0.37519466298837734,49.049719544736696,51.782115506420226,-0.0030518265578579036,0.019729257017030908,-5.632991484388945,4.825664766020237
di_diff,3,18363,17332,-1.7312399525205486,0.5775463043411764,-2.7552690584006987,-1.019111326273224,46.217938245384744,48.58066005077314,-0.014003770855669397,0.005765829317570888,4.825664766020237,16.55479646922972
di_diff,4,18363,16321,2.9320441073664485,3.4349204216956086,1.9080150014862987,1.8382627910812082,45.221369057343566,48.96146069481036,0.022446478991896515,0.03352222626824687,16.55479646922972,87.07509939316509
range_pos_1d,0,18347,17609,0.5115976120321256,2.6069294688651548,-0.3581167754915654,1.0102718382507543,56.19447321087916,55.21608268499063,0.003635757830982209,0.023988199275639065,0.0,0.25213978746856913
range_pos_1d,1,18346,14322,0.798663757665978,1.2401824620574715,-0.07105062985771304,-0.35647516855692896,52.96522402703586,52.890657729367405,0.006358826503054709,0.012132527239222136,0.25213978746856913,0.4195015309966046
range_pos_1d,2,18347,14858,-0.5838875220234893,1.6252670435448007,-1.4536019095471802,0.028609412930400202,49.52853327519485,52.51043209045632,-0.005205373103626441,0.015787306631435953,0.4195015309966046,0.5941540142330902
range_pos_1d,3,18346,16938,0.8661875362952114,1.2083103082501534,-0.0035268512284796216,-0.38834732236424707,47.63436171372506,49.71070964694769,0.00727911240731974,0.012426589389278571,0.5941540142330902,0.7687128795893082
range_pos_1d,4,18347,20110,2.756006488816174,1.2718594631952318,1.886292101292483,-0.32479816741916867,44.911974709761814,46.777722526106416,0.019974200309755996,0.012824571622310552,0.7687128795893082,1.0
ret_4b,0,18365,14889,0.8733970354495059,3.358436382395619,-0.24595818098572975,1.7617787517812185,54.228151374897905,54.0936261669689,0.005508188665254073,0.026771062914778203,-0.1711739874842212,-0.0030413881810765985
ret_4b,1,18365,18363,0.5550705369615051,0.9763932148401436,-0.5642846794737305,-0.6202644157742568,52.24612033759869,51.9359581767685,0.005153213803131812,0.010711272166865116,-0.0030413881810765985,-0.0007203277011232686
ret_4b,2,18364,17021,0.723847023321624,1.8129954558593082,-0.39550819311361163,0.21633782524490774,49.83663689827924,51.24258269196874,0.007239687875153103,0.02156460061539341,-0.0007203277011232686,0.0007961321841320596
ret_4b,3,18365,18243,1.092023036829259,-0.22041386804265753,-0.02733217960597667,-1.817071498657058,47.81922134494963,49.268212465055086,0.009848375518339888,-0.0024327357865506164,0.0007961321841320596,0.003084831760399843
ret_4b,4,18365,15321,2.352416913638618,2.5512520342498837,1.2330616972033823,0.9545944036354832,47.19303022052818,49.77481887605248,0.015152218217671121,0.0214891857995534,0.003084831760399843,0.09589128541988234
ret_12b,0,18364,14923,3.2892782425174705,2.0648065002359273,2.254239955542939,0.4681488696215268,56.01720758004792,54.21832071299336,0.020238164331908302,0.016885667310064658,-0.13802673068688076,-0.005301373717230495
ret_12b,1,18363,18066,0.7614816970294669,1.9592395641946119,-0.2735565899450647,0.3625819335802114,54.05979415128247,53.03885752241781,0.007099911057887712,0.020969141973711396,-0.005301373717230495,-0.001209891566985366
ret_12b,2,18363,16546,-0.7409880148899921,0.9832774332673694,-1.7760263018645237,-0.6133801973470311,49.55072700539127,51.04556992626617,-0.00785936507009278,0.01163800767741452,-0.001209891566985366,0.001303251172376952
ret_12b,3,18363,18389,0.2711065310100048,2.001113736702986,-0.7639317559645268,0.4044561060885854,45.61346185263846,49.480667790526944,0.0024871717237338327,0.021406001247526764,0.001303251172376952,0.005353153631497243
ret_12b,4,18363,15913,1.5941902193105095,0.9163870730211643,0.5591519323359779,-0.6802705575932362,46.070903447149156,48.444667881606236,0.010367608593559025,0.007914188206623245,0.005353153631497243,0.14682774622887296
ret_48b,0,18356,15311,-0.4723896326771283,4.298189245811619,-1.5257409821763344,2.7015316151972186,53.58465896709522,54.74495460779831,-0.0029665581374428477,0.0345600597348563,-0.17133876182711139,-0.011602007080535671
ret_48b,1,18356,17041,0.49978037062066477,-1.2564386900855586,-0.5535709788785415,-2.853096320699959,53.32316408803661,52.20350918373335,0.004434235255321776,-0.012812727153520661,-0.011602007080535671,-0.002673206554234997
ret_48b,2,18356,15988,0.3669090614692984,-0.412971496669809,-0.6864422880299077,-2.0096291272842093,50.44127260841142,50.331498623967974,0.003853763650764165,-0.004899530885974195,-0.002673206554234997,0.0024953883567779924
ret_48b,3,18356,19939,2.1981670240047784,1.544941539668732,1.1448156745055722,-0.051716090945668425,47.221616910002176,50.188073624554896,0.019078045200912712,0.016905796410315987,0.0024953883567779924,0.012269874698283266
ret_48b,4,18356,15558,2.674289924078418,4.194522488896249,1.620938574579212,2.5978648582818487,46.7640008716496,48.81732870548914,0.018244563485284724,0.03777448866763772,0.012269874698283266,0.1789213139835788
hour_utc,0,19120,17480,-0.7585324128422273,1.8623666059009556,-1.8609511943200403,0.2657089752865551,50.69037656903765,51.24713958810069,-0.006595482000131054,0.02144850859349615,0.0,4.0
hour_utc,1,19120,17469,1.089163316673103,2.7927740417229887,-0.013255464804710071,1.1961164111085882,50.18828451882845,51.5370084149064,0.009613580605439705,0.033789974225787965,4.0,9.0
hour_utc,2,19136,17460,-0.34044516586466667,-0.0978075557672273,-1.4428639473424796,-1.6944651863816278,48.84510869565217,49.50744558991982,-0.0023125500611891935,-0.0007503194376505886,9.0,14.0
hour_utc,3,19140,17460,4.0689657965524875,2.1431474442516323,2.966547015074674,0.5464898136372318,52.08463949843261,52.64604810996564,0.029823038242401057,0.020069082761403248,14.0,19.0
hour_utc,4,15312,13968,1.537748323685341,1.2031939661278759,0.43532954220752806,-0.3934636644865246,49.31426332288401,51.04524627720504,0.01184743985094663,0.012666085100527793,19.0,23.0
dow,0,26112,24000,2.2672513733188895,3.835574061209522,1.1648325918410765,2.238916430595122,50.444240196078425,50.61666666666667,0.016451739152089494,0.033370453175820776,0.0,1.0
dow,1,13108,12000,7.044160516736605,8.27972090417932,5.941741735258792,6.683063273564919,51.57155935306683,52.325,0.04943954061562902,0.07412664326912943,1.0,2.0
dow,2,26304,24000,-2.5790984339912155,-2.5178900456551836,-3.6815172154690288,-4.114547676269584,49.39552919708029,50.979166666666664,-0.019198887948318682,-0.023911088252489048,2.0,4.0
dow,3,13152,11933,-2.225020674125539,-0.06773221017555416,-3.3274394556033524,-1.6643898407899547,50.0,51.60479342998408,-0.02398101581873989,-0.0011341553509858127,4.0,5.0
dow,4,13152,11904,3.558368694180535,0.30965784764687937,2.455949912702722,-1.286999782967521,50.59306569343066,51.302083333333336,0.030711767582032593,0.0034399162142362315,5.0,6.0
