entry_ts,side,entry_px,tp1_px,exit_ts,exit_px,pnl_pct_pos,bars_held,reason,bal_after
2026-04-09 09:15:00,SHORT,71317.63362,71198.7708973,2026-04-09 09:30:00,71284.34254862618,0.0026001999999997758,3,TP1+LOCK,5013.000999999999
2026-04-09 09:50:00,SHORT,71381.2209,71262.25219849999,2026-04-09 11:30:00,71147.14801285714,0.006818791333174029,20,TP1+TRAIL,5047.183607771993
2026-04-09 15:50:00,SHORT,72181.36084000001,72061.05857193333,2026-04-09 16:00:00,72147.66658075989,0.0026002000000003127,2,TP1+LOCK,5060.307294588923
2026-04-09 16:10:00,SHORT,72123.5724,72003.366446,2026-04-09 16:55:00,72025.83085714286,0.003932793293607255,9,TP1+TRAIL,5080.208437180674
2026-04-10 01:45:00,SHORT,72177.0617,72056.76659716667,2026-04-10 03:35:00,71921.93865428571,0.007202024764627455,22,TP1+TRAIL,5116.796224154718
2026-04-10 17:55:00,SHORT,73065.28401999999,72943.50854663333,2026-04-10 18:10:00,73031.17714541944,0.002600200000000344,3,TP1+LOCK,5130.100917696767
2026-04-10 20:35:00,SHORT,73014.3942,,2026-04-10 20:55:00,73272.42706910279,-0.011201999999999882,4,SL,5072.633527216728
2026-04-10 21:05:00,SHORT,73143.46838,73021.56259936668,2026-04-10 21:20:00,73109.32500896021,0.002600200000000202,3,TP1+LOCK,5085.823388914198
2026-04-10 21:30:00,SHORT,72974.80212,72853.17744979999,2026-04-10 22:45:00,72839.17206428571,0.004687881263958578,15,TP1+TRAIL,5109.665125090892
2026-04-11 02:35:00,SHORT,72983.90030000001,72862.26046616667,2026-04-11 04:05:00,72873.10384928572,0.004177141607783354,18,TP1+TRAIL,5131.008919886748
2026-04-11 04:15:00,SHORT,72680.76094000001,,2026-04-11 08:15:00,72735.34416000001,-0.0028529987011993614,48,TIME,5116.370158102469
2026-04-11 12:20:00,SHORT,72766.04388000001,72644.76714020001,2026-04-11 13:15:00,72601.28878285714,0.005296263319218765,11,TP1+TRAIL,5143.467801698373
2026-04-11 19:10:00,SHORT,73514.39418,,2026-04-11 19:30:00,73774.19404903213,-0.011202000000000227,4,SL,5085.850675383746
2026-04-11 19:40:00,SHORT,73635.17001999999,73512.44473663332,2026-04-11 20:40:00,73327.79476928571,0.008161449195353195,12,TP1+TRAIL,5127.358587286044
2026-04-11 22:20:00,SHORT,73395.318,73272.99247,2026-04-11 22:55:00,73351.48522071428,0.0027958223864985123,7,TP1+TRAIL,5141.693771207984
2026-04-11 23:05:00,SHORT,72938.20944,72816.64575760001,2026-04-12 01:55:00,71630.82687214286,0.028786783578076694,34,TP1+TRAIL,5289.706597024493
2026-04-12 04:50:00,LONG,71463.98994,71583.0965899,2026-04-12 06:15:00,71638.03024214286,0.005553034954156356,17,TP1+TRAIL,5319.080522655002
2026-04-12 14:00:00,LONG,70914.18,71032.3703,2026-04-12 14:20:00,70947.26382877599,0.0025998,4,TP1+LOCK,5332.9090681978005
2026-04-12 14:30:00,LONG,71018.80092000001,,2026-04-12 14:40:00,70767.9151692833,-0.01119799999999967,2,SL,5273.191152452123
2026-04-12 14:50:00,LONG,70700.83734,70818.6720689,2026-04-12 15:15:00,70733.82163731368,0.0025998000000000904,5,TP1+LOCK,5286.900394810268
2026-04-12 15:25:00,LONG,70689.43506,70807.25078510001,2026-04-12 16:20:00,70772.62478642858,0.0036652509110727434,11,TP1+TRAIL,5306.278211299098
2026-04-12 16:30:00,LONG,70909.37904,71027.5613384,2026-04-12 17:55:00,71068.17280785715,0.005259085286184234,17,TP1+TRAIL,5334.184380964542
2026-04-12 22:35:00,LONG,70848.76692000001,,2026-04-12 23:10:00,70598.4818427273,-0.0111979999999996,7,SL,5274.452184266503
2026-04-13 04:55:00,LONG,70868.47086,,2026-04-13 05:35:00,70618.11617527525,-0.011197999999999531,8,SL,5215.388868707089
2026-04-13 05:45:00,LONG,70800.05717999999,70918.05727529999,2026-04-13 06:55:00,70969.97459428573,0.005499942310507088,14,TP1+TRAIL,5244.073206611839
2026-04-13 08:20:00,LONG,70731.44346,70849.3291991,2026-04-13 09:05:00,70764.44203608886,0.0025998000000000067,9,TP1+LOCK,5257.706748134388
2026-04-13 09:15:00,LONG,70662.1296,70779.899816,2026-04-13 09:50:00,70695.09583886272,0.0025998000000000614,7,TP1+LOCK,5271.375734138188
2026-04-13 10:00:00,LONG,70764.04998,70881.99006329999,2026-04-13 12:00:00,70845.28525142858,0.0036219606166874967,24,TP1+TRAIL,5290.4684494429985
2026-04-13 20:00:00,SHORT,73216.25382,73094.2267303,2026-04-13 20:30:00,73182.07647271681,0.002600200000000197,6,TP1+LOCK,5304.224725505242
2026-04-13 20:40:00,SHORT,73155.16604000001,73033.24076326667,2026-04-13 21:00:00,73121.01720849253,0.0026002000000003075,4,TP1+LOCK,5318.016770636502
2026-04-13 21:10:00,SHORT,73165.364,,2026-04-13 22:05:00,73423.930396376,-0.011202000000000066,11,SL,5258.444346771831
2026-04-13 23:00:00,SHORT,74597.17758,,2026-04-13 23:10:00,74860.80400556773,-0.011202000000000134,2,SL,5199.539253199292
2026-04-13 23:20:00,SHORT,74552.98642,,2026-04-13 23:30:00,74816.45667400828,-0.011201999999999995,2,SL,5141.294014484954
2026-04-13 23:40:00,SHORT,74513.89424000001,74389.70441626667,2026-04-14 00:00:00,74479.11115416879,0.0026001999999998885,4,TP1+LOCK,5154.662407181417
2026-04-14 00:10:00,SHORT,74281.04082,74157.2390853,2026-04-14 00:35:00,74246.36643014522,0.0026001999999998924,5,TP1+LOCK,5168.065560372569
2026-04-14 02:20:00,SHORT,74418.6133,74294.58227783332,2026-04-14 02:35:00,74383.87469131155,0.002600200000000349,3,TP1+LOCK,5181.503564442652
2026-04-14 02:45:00,SHORT,74377.22158000001,74253.25954403334,2026-04-14 03:05:00,74342.50229296646,0.0026002000000003873,4,TP1+LOCK,5194.976510010918
2026-04-14 03:15:00,SHORT,74314.33416,74190.4769364,2026-04-14 06:00:00,74220.866205,0.0037866068583504832,33,TP1+TRAIL,5214.6478436926955
2026-04-14 13:50:00,SHORT,75298.33731999999,,2026-04-14 14:05:00,75564.44164408887,-0.01120200000000012,3,SL,5156.233358547649
2026-04-14 14:15:00,SHORT,75488.29931999999,,2026-04-14 14:25:00,75755.07496979687,-0.011202000000000014,2,SL,5098.473232465198
2026-04-14 14:35:00,SHORT,75355.22594,75229.63389676667,2026-04-14 14:45:00,75320.0501205312,0.0026002000000002476,2,TP1+LOCK,5111.7302825642555
2026-04-14 14:55:00,SHORT,74951.30674,74826.38789543333,2026-04-14 15:30:00,74916.31947001377,0.0026001999999999796,7,TP1+LOCK,5125.02180364498
2026-04-14 15:40:00,SHORT,75220.75284,,2026-04-14 16:05:00,75486.58298053656,-0.011202000000000148,5,SL,5067.611309400548
2026-04-14 16:15:00,SHORT,75253.14636,75127.72444939999,2026-04-14 16:35:00,75218.01819127914,0.0026002000000002997,4,TP1+LOCK,5080.788112327253
2026-04-15 00:00:00,SHORT,74487.79946,74363.65312756666,2026-04-15 00:20:00,74453.02855521206,0.0026002000000000408,4,TP1+LOCK,5093.999177576927
2026-04-15 00:30:00,SHORT,74453.6063,,2026-04-15 01:05:00,74716.7253446642,-0.01120199999999998,7,SL,5036.93619878971
2026-04-15 01:15:00,SHORT,74647.5675,74523.1548875,2026-04-15 01:40:00,74612.722015491,0.002600200000000115,5,TP1+LOCK,5050.033240293803
2026-04-15 13:25:00,SHORT,74334.03022,74210.14016963333,2026-04-15 13:55:00,74024.58052714285,0.008144441985883741,6,TP1+TRAIL,5091.162943046161
2026-04-15 22:40:00,SHORT,75001.39671999999,74876.39439213333,2026-04-15 23:50:00,74780.82103071429,0.006311431631916796,14,TP1+TRAIL,5123.295469888145
2026-04-16 00:00:00,SHORT,74592.47851999999,74468.15772246665,2026-04-16 00:25:00,74557.65875102686,0.0026001999999999475,5,TP1+LOCK,5136.617062768948
2026-04-16 09:30:00,SHORT,74710.75486,74586.23693523333,2026-04-16 10:25:00,74439.99216428571,0.007336219247583715,11,TP1+TRAIL,5174.3004117323
2026-04-16 10:35:00,SHORT,74400.41694000001,74276.4162451,2026-04-16 10:55:00,74365.68682537241,0.0026002000000003504,4,TP1+LOCK,5187.754627662887
2026-04-16 12:15:00,SHORT,74686.75966,74562.28172723332,2026-04-16 13:00:00,74651.8958805907,0.0026002000000003144,9,TP1+LOCK,5201.2438272457375
2026-04-16 13:10:00,SHORT,74767.14358,74642.53167403334,2026-04-16 13:55:00,73706.05612071429,0.02318784266347617,9,TP1+TRAIL,5321.849450766288
2026-04-16 16:00:00,SHORT,74704.85604,74580.3479466,2026-04-16 16:25:00,74669.98381320052,0.0026002000000000447,5,TP1+LOCK,5335.687323708171
2026-04-16 18:55:00,SHORT,74985.0,74860.025,2026-04-16 19:20:00,74949.99700199999,0.0026002000000003335,5,TP1+LOCK,5349.561177887278
2026-04-16 19:35:00,SHORT,75101.17676,,2026-04-16 19:50:00,75366.58431866985,-0.011202000000000219,3,SL,5289.635393572584
2026-04-16 20:00:00,SHORT,75274.64206,75149.18432323333,2026-04-16 20:50:00,75190.61011499999,0.0035745070325215317,10,TP1+TRAIL,5308.543232486383
2026-04-17 08:30:00,SHORT,75309.73504,75184.21881493332,2026-04-17 08:40:00,75274.58045568332,0.002600200000000397,2,TP1+LOCK,5322.346506599497
2026-04-17 08:50:00,SHORT,75710.8548,75584.670042,2026-04-17 09:10:00,75675.51297297936,0.002600200000000174,4,TP1+LOCK,5336.185671985959
2026-04-17 09:20:00,SHORT,75776.3417,,2026-04-17 09:25:00,76044.1352915678,-0.011201999999999816,1,SL,5276.409720088373
2026-04-17 09:35:00,SHORT,75594.97798000001,,2026-04-17 09:50:00,75862.13063218135,-0.011202000000000623,3,SL,5217.30337840394
2026-04-17 10:00:00,SHORT,75733.95018000001,75607.72692970002,2026-04-17 10:20:00,75698.597572056,0.002600199999999872,4,TP1+LOCK,5230.8694106484645
2026-04-17 11:55:00,SHORT,75527.09156,,2026-04-17 12:25:00,75794.00430157305,-0.011202000000000286,6,SL,5172.273211510379
2026-04-17 12:35:00,SHORT,75586.17974,,2026-04-17 12:45:00,75853.30129920116,-0.011201999999999906,2,SL,5114.33340699504
2026-04-17 12:55:00,SHORT,76180.36088000001,,2026-04-17 13:00:00,76449.58227534994,-0.011202000000000408,1,SL,5057.042644169879
2026-04-17 13:10:00,SHORT,76862.02451999999,76733.92114579999,2026-04-17 13:20:00,76826.14532695405,0.0026002000000000984,2,TP1+LOCK,5070.19196645325
2026-04-17 13:30:00,SHORT,76461.2047,,2026-04-17 13:40:00,76731.4185974098,-0.011202000000000203,2,SL,5013.39567604504
2026-04-17 13:50:00,SHORT,77219.25306,,2026-04-17 14:00:00,77492.14590031405,-0.011202000000000207,2,SL,4957.235617681983
2026-04-19 17:00:00,LONG,75122.72154,75247.9260759,2026-04-19 17:20:00,75157.76879368912,0.00259979999999987,4,TP1+LOCK,4970.123438840832
2026-04-19 17:30:00,LONG,75117.22043999999,,2026-04-19 17:50:00,74851.85633925896,-0.011197999999999734,4,SL,4914.467996572694
2026-04-19 18:00:00,LONG,74673.4317,74797.88741950001,2026-04-19 18:20:00,74708.26934500244,0.0025998000000001186,4,TP1+LOCK,4927.244630470183
2026-04-19 18:30:00,LONG,74691.23526,74815.7206521,2026-04-19 19:55:00,74869.21958928573,0.005474401909397386,17,TP1+TRAIL,4954.218347883297
2026-04-19 20:50:00,LONG,74666.63033999999,,2026-04-19 21:50:00,74402.85802388555,-0.011197999999999944,12,SL,4898.7410108237
2026-04-19 22:00:00,LONG,73855.16807999999,73978.2600268,2026-04-19 22:15:00,73889.62397774824,0.002599800000000053,3,TP1+LOCK,4911.47675770364
2026-04-19 22:25:00,LONG,73926.88242000001,74050.09389070001,2026-04-19 23:00:00,73961.37177487834,0.0025997999999997036,7,TP1+LOCK,4924.245614978316
2026-04-19 23:10:00,LONG,74002.69758,,2026-04-19 23:15:00,73741.27071701572,-0.011197999999999595,1,SL,4869.103912581791
2026-04-19 23:25:00,LONG,73862.66957999999,73985.7740293,2026-04-20 00:05:00,73914.5926957143,0.0029544524590614414,8,TP1+TRAIL,4883.489448609744
2026-04-20 05:35:00,LONG,74133.22368,74256.7790528,2026-04-20 06:10:00,74245.71574357143,0.004176146739355831,7,TP1+TRAIL,4903.883617147233
2026-04-20 06:20:00,LONG,74339.865,74463.764775,2026-04-20 06:50:00,74662.85729857143,0.008417209142862044,6,TP1+TRAIL,4945.160631165016
2026-04-20 07:00:00,LONG,74739.34487999999,74863.91045479999,2026-04-20 07:25:00,75247.13327714286,0.012091186408407005,5,TP1+TRAIL,5004.953490175948
2026-04-20 19:05:00,SHORT,76393.41826,76266.09589623334,2026-04-20 19:55:00,76287.16152428572,0.003986372192810757,10,TP1+TRAIL,5024.905097595497
2026-04-21 07:20:00,SHORT,76079.48106,,2026-04-21 08:20:00,76348.34594606605,-0.01120200000000027,12,SL,4968.616110692231
2026-04-21 08:30:00,SHORT,76267.14352,,2026-04-21 08:45:00,76536.67160519968,-0.01120199999999998,3,SL,4912.957673020257
2026-04-21 08:55:00,SHORT,76447.10751999999,76319.69567413333,2026-04-21 09:10:00,76411.42201020966,0.002600199999999854,3,TP1+LOCK,4925.732345561643
2026-04-21 10:55:00,SHORT,76686.75958000001,76558.94831403335,2026-04-21 11:20:00,76517.41470857144,0.00521240110462448,5,TP1+TRAIL,4951.407238280733
2026-04-21 11:30:00,SHORT,76517.99334,76390.4633511,2026-04-21 12:30:00,76377.47601214286,0.004654593822777851,12,TP1+TRAIL,4974.454027826091
2026-04-21 23:40:00,SHORT,76025.39188000001,,2026-04-21 23:45:00,76294.06561490394,-0.011202000000000479,1,SL,4918.730193806381
2026-04-21 23:55:00,SHORT,76272.94236,76145.8207894,2026-04-22 01:35:00,76237.33815050636,0.0026002000000000304,20,TP1+LOCK,4931.519876056317
2026-04-22 02:35:00,SHORT,77046.0877,,2026-04-22 02:50:00,77318.36857393182,-0.01120200000000052,3,SL,4876.276990404732
2026-04-22 03:00:00,SHORT,77545.68776,77416.44494706666,2026-04-22 03:25:00,77509.48943295363,0.002600200000000168,5,TP1+LOCK,4888.956285835184
2026-04-22 03:35:00,SHORT,77376.82154,,2026-04-22 04:40:00,77650.27122732237,-0.011202000000000344,13,SL,4834.190197521256
2026-04-22 04:50:00,SHORT,77414.514,,2026-04-22 05:15:00,77688.096892476,-0.01120199999999996,5,SL,4780.037598928623
2026-04-22 13:35:00,SHORT,78382.02046,,2026-04-22 13:45:00,78659.02252030565,-0.011202000000000281,2,SL,4726.491617745423
2026-04-22 13:55:00,SHORT,78778.7411,78647.44319816666,2026-04-22 14:10:00,78741.96718365452,0.002600200000000226,3,TP1+LOCK,4738.7814412498865
2026-04-22 14:20:00,SHORT,79017.39336,78885.6977044,2026-04-22 14:40:00,78901.73790642858,0.004095506242110081,4,TP1+TRAIL,4758.18915022252
2026-04-22 14:50:00,SHORT,78901.7165,,2026-04-22 15:30:00,79180.55516611101,-0.011202000000000479,8,SL,4704.8879153617245
2026-04-22 16:10:00,SHORT,79141.36856,79009.46627906666,2026-04-22 17:00:00,78839.81838214285,0.007615408704902654,10,TP1+TRAIL,4740.717559747962
2026-04-22 17:10:00,SHORT,78922.01244,78790.4757526,2026-04-22 17:25:00,78885.171644593,0.002600200000000186,3,TP1+LOCK,4753.04437354682
2026-04-22 17:35:00,SHORT,78780.2408,,2026-04-22 18:45:00,79058.6501709872,-0.011201999999999844,14,SL,4699.8007704743495
2026-04-22 18:55:00,SHORT,78973.7021,78842.07926316666,2026-04-22 19:15:00,78852.25301142858,0.004206763239064833,4,TP1+TRAIL,4719.571719586509
2026-04-22 19:25:00,SHORT,78964.10402,78832.49717996667,2026-04-22 19:55:00,78920.81672142856,0.002722284361520823,6,TP1+TRAIL,4732.419735871816
2026-04-22 20:05:00,SHORT,78717.65332,78586.45723113333,2026-04-22 21:05:00,78517.31103642857,0.0057176115862538155,12,TP1+TRAIL,4759.477873784653
2026-04-22 22:00:00,SHORT,78686.85948000001,78555.71471420002,2026-04-22 22:55:00,78558.22636071428,0.004352120725159137,11,TP1+TRAIL,4780.191696080087
2026-04-22 23:05:00,SHORT,78484.3,78353.49283333334,2026-04-23 00:00:00,78309.74453142857,0.005236122037874379,11,TP1+TRAIL,4805.221363165196
2026-04-23 15:25:00,SHORT,78327.73131999999,78197.18510113332,2026-04-23 16:25:00,78291.16793501982,0.0026001999999999224,12,TP1+LOCK,4817.715899753697
2026-04-23 16:35:00,SHORT,78254.74592,78124.32134346667,2026-04-23 17:25:00,77805.99380142856,0.01050175533053681,10,TP1+TRAIL,4868.3103733849475
2026-04-23 22:15:00,SHORT,78168.46318,78038.18240803333,2026-04-23 23:25:00,78116.43087642858,0.002898464753968934,14,TP1+TRAIL,4882.420999413585
2026-04-23 23:35:00,SHORT,78158.06526,,2026-04-24 00:20:00,78434.27586262886,-0.011202000000000496,9,SL,4827.728119378152
2026-04-24 00:30:00,SHORT,78384.22002,78253.5796533,2026-04-24 01:35:00,78074.42247642858,0.007828442169081412,13,TP1+TRAIL,4865.521709768753
2026-04-24 02:05:00,SHORT,78278.04126,78147.57785789999,2026-04-24 03:25:00,77813.44529142855,0.010802802646050597,16,TP1+TRAIL,4918.082980569458
2026-04-24 11:35:00,SHORT,78220.65274,78090.28498543333,2026-04-24 12:55:00,78155.71373142856,0.00314530426997264,16,TP1+TRAIL,4933.551847968323
2026-04-24 13:05:00,SHORT,78325.03186,78194.49014023333,2026-04-24 13:35:00,78235.1367557143,0.0036215780603777526,6,TP1+TRAIL,4951.419091100661
2026-04-25 16:35:00,LONG,77245.54602000001,77374.28859670002,2026-04-25 17:15:00,77281.58364206988,0.0025998000000002465,8,TP1+LOCK,4964.291790453705
2026-04-25 17:25:00,LONG,77299.55682,77428.3894147,2026-04-25 21:30:00,77424.14778714287,0.004317691102026387,49,TP1+TRAIL,4985.72606894521
2026-04-26 05:30:00,SHORT,78025.99168,77895.94836053334,2026-04-26 06:40:00,77983.74720214285,0.0027121231838438007,14,TP1+TRAIL,4999.24797220509
2026-04-26 19:20:00,SHORT,78159.365,78029.09939166666,2026-04-26 19:30:00,78122.88020841799,0.002600200000000434,2,TP1+LOCK,5012.24701678242
2026-04-26 19:40:00,SHORT,78125.47178,77995.26266036667,2026-04-26 21:35:00,78065.12776071428,0.003058598173761804,23,TP1+TRAIL,5027.577466354394
2026-04-26 23:50:00,SHORT,78601.7765,78470.77353916666,2026-04-27 00:35:00,78565.08519072979,0.002600200000000483,9,TP1+LOCK,5040.650173282412
2026-04-27 00:45:00,SHORT,78759.04504000001,,2026-04-27 00:55:00,79037.37950517138,-0.0112020000000004,2,SL,4984.1848100413
2026-04-27 01:05:00,SHORT,79084.18000000001,78952.37303333334,2026-04-27 01:20:00,79047.26350477601,0.002600199999999986,3,TP1+LOCK,4997.14468738437
2026-04-27 01:30:00,SHORT,78815.93366,,2026-04-27 01:35:00,79094.46916955443,-0.011201999999999865,1,SL,4941.1666725962905
2026-04-27 06:35:00,LONG,77556.90827999999,77686.16979379999,2026-04-27 07:00:00,77593.09116294287,0.0025997999999997205,5,TP1+LOCK,4954.012717711706
2026-04-27 07:10:00,LONG,77615.41997999999,77744.7790133,2026-04-27 09:20:00,77685.53121428573,0.0032549736824938977,26,TP1+TRAIL,4970.137898730597
2026-04-27 10:05:00,LONG,77804.5578,,2026-04-27 13:50:00,77529.7002321452,-0.011197999999999736,45,SL,4914.482294540613
2026-04-27 17:00:00,LONG,76771.55124,76899.50382540001,2026-04-27 17:35:00,76807.36772770516,0.0025998000000000353,7,TP1+LOCK,4927.25896560996
2026-04-27 17:45:00,LONG,76791.75528,,2026-04-27 19:30:00,76520.47560584753,-0.011197999999999425,21,SL,4872.083519713063
2026-04-28 01:50:00,LONG,77102.9175,,2026-04-28 02:35:00,76830.538593445,-0.011197999999999752,9,SL,4817.525928459318
2026-04-28 02:45:00,LONG,76675.332,76803.12422,2026-04-28 03:05:00,76711.10359822238,0.002599799999999844,4,TP1+LOCK,4830.0505323681255
2026-04-28 03:15:00,LONG,76702.53744,76830.3750024,2026-04-28 04:20:00,76777.12364642858,0.00335861288787722,13,TP1+TRAIL,4846.272802335236
2026-04-28 11:20:00,LONG,76402.47744,,2026-04-28 11:35:00,76132.57295469697,-0.011197999999999821,3,SL,4792.004239494687
2026-04-28 11:45:00,LONG,76126.02216000001,76252.89886360001,2026-04-28 12:15:00,76161.53748687172,0.0025998000000001104,6,TP1+LOCK,4804.462492116525
2026-04-28 12:25:00,LONG,76210.43904,76337.4564384,2026-04-28 13:00:00,76245.99375016012,0.002599799999999948,7,TP1+LOCK,4816.95313370353
2026-04-28 13:10:00,LONG,76124.92194,76251.7968099,2026-04-28 13:40:00,76160.4367535824,0.002599799999999788,6,TP1+LOCK,4829.476248460531
2026-04-28 13:50:00,LONG,76119.12078,,2026-04-28 14:15:00,75850.21729932453,-0.011197999999999384,5,SL,4775.395773430273
2026-04-28 14:25:00,LONG,75811.45926,75937.8116921,2026-04-28 15:05:00,75846.82783279344,0.0025998000000000744,8,TP1+LOCK,4787.810847362037
2026-04-28 15:15:00,LONG,75985.194,76111.83599,2026-04-28 16:55:00,76055.160925,0.0032811952299550166,20,TP1+TRAIL,4803.520589476328
2026-04-28 23:05:00,LONG,76266.65027999999,76393.76136379999,2026-04-29 01:05:00,76382.345475,0.004175474166793506,24,TP1+TRAIL,4823.5775656073465
2026-04-29 16:25:00,LONG,75825.162,75951.53727,2026-04-29 17:05:00,75860.53696557839,0.0025997999999998918,8,TP1+LOCK,4836.1179025624115
2026-04-29 17:15:00,LONG,75971.1912,76097.809852,2026-04-29 18:00:00,76006.63429306784,0.002599800000000002,9,TP1+LOCK,4848.690841885494
2026-04-29 18:10:00,LONG,75161.92937999999,75287.1992623,2026-04-29 18:25:00,75196.9949254534,0.002599800000000152,3,TP1+LOCK,4861.296468336228
2026-04-30 05:30:00,LONG,75622.72152,75748.75938920001,2026-04-30 06:40:00,75704.98811642859,0.003531783307484559,14,TP1+TRAIL,4878.465514055832
2026-05-01 13:15:00,SHORT,78254.14604,78123.72246326668,2026-05-01 13:45:00,78217.61700462853,0.002600200000000111,6,TP1+LOCK,4891.1505000854795
2026-05-02 00:30:00,SHORT,78247.44738000001,,2026-05-02 04:30:00,78235.644,-0.00014745948672202766,48,TIME,4890.429253543257
2026-05-02 19:15:00,SHORT,78402.11644,,2026-05-02 21:35:00,78679.18951949896,-0.01120200000000019,28,SL,4835.646665045065
2026-05-03 08:10:00,SHORT,78393.61814,,2026-05-03 11:40:00,78670.66118650677,-0.011202000000000076,42,SL,4781.47775110323
2026-05-03 12:15:00,SHORT,78722.55234000001,78591.34808610001,2026-05-03 13:30:00,78621.22824428571,0.003830655689554107,15,TP1+TRAIL,4799.793946054971
2026-05-03 13:40:00,SHORT,78566.2836,,2026-05-03 17:40:00,78784.75379999999,-0.008942135709725595,48,TIME,4756.873537210628
2026-05-04 02:45:00,SHORT,80083.88002,,2026-05-04 02:55:00,80366.89645199069,-0.011202000000000404,2,SL,4703.587039846792
2026-05-04 14:00:00,LONG,78589.61477999999,78720.59747129999,2026-05-04 15:00:00,80081.99468285714,0.030384296055557383,12,TP1+TRAIL,4846.50222098858
2026-05-04 21:55:00,SHORT,80200.85661999999,80067.18852563332,2026-05-04 22:50:00,80163.41886012978,0.002600200000000037,11,TP1+LOCK,4859.104096063595
2026-05-05 01:25:00,SHORT,80202.9562,,2026-05-05 02:00:00,80486.39344721081,-0.011202000000000299,7,SL,4804.672411979489
2026-05-05 02:10:00,SHORT,80393.81801999999,,2026-05-05 02:35:00,80677.92977288268,-0.011202000000000267,5,SL,4750.850471620493
2026-05-05 02:45:00,SHORT,80498.19714,,2026-05-05 03:20:00,80782.67776869277,-0.011202000000000122,7,SL,4697.6314446374
2026-05-05 05:40:00,SHORT,80971.90238000001,80836.94920936668,2026-05-05 06:50:00,80894.07200785715,0.0033418033266208874,14,TP1+TRAIL,4713.330005026328
2026-05-05 07:00:00,SHORT,80889.3189,80754.5033685,2026-05-05 08:50:00,80790.8620842857,0.0037257691569145554,22,TP1+TRAIL,4730.890784585415
2026-05-05 11:40:00,SHORT,80974.10194000001,80839.14510343334,2026-05-05 11:55:00,80936.3032292144,0.0026002000000001383,3,TP1+LOCK,4743.192046803494
2026-05-05 12:05:00,SHORT,80961.20452,,2026-05-05 12:30:00,81247.32141677369,-0.011202000000000314,5,SL,4690.0588094952
2026-05-05 12:40:00,SHORT,81241.64842,,2026-05-05 13:05:00,81528.75640551628,-0.011202000000000094,5,SL,4637.520770711235
2026-05-05 13:15:00,SHORT,81496.09752,81360.2706908,2026-05-05 13:30:00,81458.05514167766,0.00260020000000002,3,TP1+LOCK,4649.579252219239
2026-05-05 13:40:00,SHORT,81346.62741999999,81211.04970763333,2026-05-05 14:00:00,81308.65481432033,0.002600200000000089,4,TP1+LOCK,4661.66908819086
2026-05-05 14:10:00,SHORT,81039.48886,80904.42304523333,2026-05-05 14:20:00,81001.65962660014,0.0026002000000001605,2,TP1+LOCK,4673.790360153974
2026-05-06 09:00:00,SHORT,81761.24448000001,81624.9757392,2026-05-06 09:25:00,81723.07833107674,0.0026002000000001162,5,TP1+LOCK,4685.943149848446
2026-05-06 09:35:00,SHORT,81963.00412,81826.39911313333,2026-05-06 09:50:00,81924.74378967678,0.002600200000000017,3,TP1+LOCK,4698.1275392266825
2026-05-06 10:55:00,SHORT,82225.65158,,2026-05-06 11:15:00,82516.23703268373,-0.011202000000000038,4,SL,4645.499114532265
2026-05-06 11:25:00,SHORT,82626.4714,82488.76061433333,2026-05-06 12:20:00,82392.42876214285,0.0061488073233358365,11,TP1+TRAIL,4674.063393508251
2026-05-06 12:30:00,SHORT,82373.62198000001,82236.33261003334,2026-05-06 12:55:00,82335.16997325975,0.0026002000000001236,5,TP1+LOCK,4686.216893144051
2026-05-06 21:55:00,SHORT,81478.30108,81342.50391153333,2026-05-06 22:45:00,81326.71923428572,0.004690592900902419,10,TP1+TRAIL,4708.1980288351215
2026-05-07 14:40:00,LONG,80132.0232,80265.576572,2026-05-07 14:55:00,80169.40745989024,0.0025998000000001967,3,TP1+LOCK,4720.438402070488
2026-05-07 15:05:00,LONG,80249.74674,,2026-05-07 15:15:00,79966.25113468316,-0.011198000000000095,2,SL,4667.578932844102
2026-05-07 15:25:00,LONG,79834.4637,79967.5211395,2026-05-07 15:35:00,79871.70913846482,0.002599799999999817,2,TP1+LOCK,4679.713704553709
2026-05-07 15:45:00,LONG,80002.4973,,2026-05-07 16:05:00,79719.87514453821,-0.011197999999999814,4,SL,4627.310270490118
2026-05-07 16:15:00,LONG,79735.54392000001,79868.43649320002,2026-05-07 16:35:00,79772.74320909014,0.002599799999999872,4,TP1+LOCK,4639.340351731337
2026-05-07 17:30:00,LONG,79752.34727999999,79885.26785879998,2026-05-07 18:40:00,80031.17984785714,0.007144345352210292,14,TP1+TRAIL,4672.48540141055
2026-05-07 18:50:00,LONG,80085.5139,80218.98975650001,2026-05-07 19:00:00,80122.87646175148,0.0025998000000001043,2,TP1+LOCK,4684.632928957138
2026-05-07 19:10:00,LONG,80139.82476,80273.39113460001,2026-05-07 20:05:00,80177.21265957803,0.0025997999999999907,11,TP1+LOCK,4696.812037645841
2026-05-07 20:45:00,LONG,79971.4911,,2026-05-07 21:05:00,79688.9784791074,-0.011197999999999774,4,SL,4644.217136448284
2026-05-07 21:15:00,LONG,79835.06382000001,,2026-05-07 22:05:00,79553.0331512119,-0.011197999999999597,10,SL,4592.211192954338
2026-05-07 22:15:00,LONG,79873.87157999999,80006.99469929999,2026-05-08 00:15:00,79947.98577571429,0.003291835544870225,24,TP1+TRAIL,4607.327996988855
2026-05-08 01:20:00,LONG,79674.63174,79807.4227929,2026-05-08 01:50:00,79711.80261152776,0.0025998000000000566,6,TP1+LOCK,4619.3061283154275
2026-05-08 02:00:00,LONG,79596.01602000001,,2026-05-08 02:15:00,79314.8298274067,-0.011197999999999412,3,SL,4567.5791382905545
2026-05-08 02:25:00,LONG,79465.89,79598.33315,2026-05-08 02:35:00,79502.963486548,0.002599800000000205,2,TP1+LOCK,4579.453930534283
2026-05-08 02:45:00,LONG,79579.51272,,2026-05-08 03:00:00,79298.38482806447,-0.011198000000000171,3,SL,4528.173205420159
2026-05-08 03:10:00,LONG,79451.18706,79583.6057051,2026-05-08 03:25:00,79488.25368713638,0.0025997999999998996,3,TP1+LOCK,4539.94555011961
2026-05-08 03:35:00,LONG,79600.917,79733.585195,2026-05-08 05:50:00,79643.42884214286,0.0027010933242679037,27,TP1+TRAIL,4552.208366737578
2026-05-08 07:30:00,LONG,79469.8908,79602.340618,2026-05-08 08:55:00,79834.65487500001,0.008784948588604742,17,TP1+TRAIL,4592.199283203984
2026-05-08 13:30:00,LONG,79764.04962,79896.98970270001,2026-05-08 14:10:00,79801.26220794937,0.002599799999999832,8,TP1+LOCK,4604.138082900457
2026-05-08 14:20:00,LONG,80233.74354,,2026-05-08 14:30:00,79950.30446865436,-0.011197999999999918,2,SL,4552.580944648138
2026-05-08 14:40:00,LONG,80201.93718,,2026-05-08 15:05:00,79918.61046992212,-0.011197999999999842,5,SL,4501.601143229969
2026-05-08 15:15:00,LONG,79815.85998,79948.8864133,2026-05-08 16:10:00,79917.60256785715,0.0038120746406037935,11,TP1+TRAIL,4518.761582790189
2026-05-08 17:15:00,LONG,80009.29866,80142.6474911,2026-05-08 17:35:00,80046.6256648015,0.002599799999999643,4,TP1+LOCK,4530.509459153125
2026-05-08 17:45:00,LONG,80239.0446,,2026-05-08 17:55:00,79955.5868017764,-0.011197999999999748,2,SL,4479.77681422953
2026-05-08 18:05:00,LONG,80149.5267,80283.10924450001,2026-05-08 22:20:00,80249.80397142857,0.0037766911463603635,51,TP1+TRAIL,4496.695547661501
2026-05-09 07:15:00,LONG,80203.53749999999,80337.21006249999,2026-05-09 09:10:00,80350.35171500001,0.004645780664600049,23,TP1+TRAIL,4517.58620889142
2026-05-09 10:10:00,LONG,80199.33666,80333.0022211,2026-05-09 11:40:00,80281.84399071429,0.0034431673281303194,18,TP1+TRAIL,4533.1410141278875
2026-05-10 12:50:00,SHORT,80866.82340000001,,2026-05-10 15:40:00,81152.60675389561,-0.011202000000000139,34,SL,4482.360768487626
2026-05-10 23:05:00,SHORT,82257.74516,82120.64891806667,2026-05-11 00:00:00,82219.3472445593,0.0026002000000002697,11,TP1+LOCK,4494.015802957849
2026-05-11 00:10:00,SHORT,81825.23168000001,81688.85629386667,2026-05-11 00:25:00,81626.71493571428,0.005539160077091397,3,TP1+TRAIL,4518.9088758794105
2026-05-11 00:35:00,SHORT,81653.86596,81517.7761834,2026-05-11 00:45:00,81615.74993536985,0.002600200000000262,2,TP1+LOCK,4530.658942738473
2026-05-11 16:35:00,SHORT,81783.54002,81647.23411996667,2026-05-11 17:15:00,81584.73154071429,0.005546365990707127,8,TP1+TRAIL,4555.787635413971
2026-05-11 17:35:00,SHORT,81805.23568000001,,2026-05-11 18:30:00,82094.33538289313,-0.011201999999999854,11,SL,4504.753702322064
2026-05-12 07:55:00,LONG,80825.36184,,2026-05-12 11:05:00,80539.83277840656,-0.011197999999999831,38,SL,4454.309470363462
2026-05-12 11:15:00,LONG,80516.09999999999,80650.2935,2026-05-12 12:25:00,80726.73713714285,0.005824130772780772,14,TP1+TRAIL,4480.251951221296
2026-05-12 12:40:00,LONG,80835.76392,,2026-05-12 13:30:00,80550.19811132527,-0.011198000000000298,10,SL,4430.082089871518
2026-05-12 14:05:00,LONG,80603.6175,80737.9568625,2026-05-12 14:25:00,80641.221774351,0.0025998000000001286,4,TP1+LOCK,4441.599417288767
2026-05-12 14:35:00,LONG,80774.75172,,2026-05-12 14:50:00,80489.40144709048,-0.011197999999999994,3,SL,4391.862387013967
2026-05-12 15:00:00,LONG,80479.19262,80613.32460770001,2026-05-12 15:15:00,80516.73884599698,0.0025998000000000197,3,TP1+LOCK,4403.280350847726
2026-05-12 15:25:00,LONG,80202.33726,80336.0078221,2026-05-12 15:40:00,80239.75432374302,0.0025997999999998068,3,TP1+LOCK,4414.7279991038595
2026-05-12 15:50:00,LONG,80387.17422,,2026-05-12 16:45:00,80103.19312920548,-0.011198000000000043,11,SL,4365.291874969895
2026-05-12 16:55:00,LONG,79983.09342,80116.3985757,2026-05-12 18:00:00,80390.51510928571,0.009540771415521992,13,TP1+TRAIL,4406.940126911018
2026-05-13 00:05:00,LONG,80433.28344,80567.33891240001,2026-05-13 00:50:00,80579.80224428572,0.00463242862940613,9,TP1+TRAIL,4427.354962522999
2026-05-13 11:25:00,LONG,80545.70592000001,,2026-05-13 12:20:00,80261.16478955328,-0.011198000000000262,11,SL,4377.777441652665
2026-05-13 12:45:00,LONG,80214.83976,,2026-05-13 13:35:00,79931.46746940784,-0.011198000000000015,10,SL,4328.755089861039
2026-05-13 13:45:00,LONG,79631.9232,79764.643072,2026-05-13 14:40:00,79669.07414657024,0.0025998000000000314,11,TP1+LOCK,4340.00898734366
2026-05-13 16:15:00,LONG,78890.87502,79022.35981170001,2026-05-13 16:25:00,78927.68024289266,0.002599799999999813,2,TP1+LOCK,4351.292142708955
2026-05-13 16:35:00,LONG,79107.11826,79238.9634571,2026-05-13 18:30:00,79636.16600928572,0.011931608297503168,23,TP1+TRAIL,4403.210056143762
2026-05-13 21:15:00,LONG,79392.57534,79524.8962989,2026-05-14 00:20:00,79429.61462281528,0.0025997999999999807,37,TP1+LOCK,4414.657521647725
2026-05-14 00:30:00,LONG,79588.31447999999,,2026-05-14 02:50:00,79307.1554943803,-0.011198000000000024,28,SL,4365.222186720313
2026-05-14 03:10:00,LONG,79254.24767999999,,2026-05-14 03:20:00,78974.26884102912,-0.011197999999999628,2,SL,4316.340428673421
2026-05-14 03:30:00,LONG,79351.26707999999,,2026-05-14 03:45:00,79070.94550382871,-0.01119799999999993,3,SL,4268.006048553137
2026-05-14 03:55:00,LONG,79021.10106,79152.8028951,2026-05-14 05:55:00,79787.63570928572,0.01645056887976729,24,TP1+TRAIL,4338.217176034123
2026-05-14 07:20:00,LONG,79737.74436,79870.6406006,2026-05-14 07:50:00,79778.8696057143,0.0026736344822214757,6,TP1+TRAIL,4349.815983067334
2026-05-14 08:00:00,LONG,79641.52512,79774.2609952,2026-05-14 08:20:00,79698.51068071429,0.0029732886009230484,4,TP1+TRAIL,4362.749241345901
2026-05-14 10:10:00,LONG,79600.61693999999,,2026-05-14 11:25:00,79319.41449388997,-0.011197999999999349,15,SL,4313.895175341313
2026-05-14 11:35:00,LONG,79345.96602,79478.2092967,2026-05-14 13:20:00,79729.95082000001,0.009159060906194349,21,TP1+TRAIL,4353.406403995203
2026-05-14 16:05:00,SHORT,81408.41506,81272.73436823333,2026-05-14 16:55:00,81360.92964642857,0.002774947882287683,10,TP1+TRAIL,4365.486879876707
2026-05-14 17:05:00,SHORT,81874.82175999999,81738.36372373332,2026-05-14 17:35:00,81606.63592071428,0.00681333904955273,6,TP1+TRAIL,4395.230422105681
2026-05-14 17:45:00,SHORT,81686.6594,81550.51496766666,2026-05-14 18:05:00,81648.52806739208,0.0026002000000002502,4,TP1+LOCK,4406.658900249242
2026-05-14 18:15:00,SHORT,81815.23368,81678.87495720001,2026-05-14 18:55:00,81629.72267999999,0.005301157553230053,8,TP1+TRAIL,4430.019293362807
2026-05-15 13:30:00,LONG,79699.9368,,2026-05-15 13:35:00,79418.3834899312,-0.01119799999999962,1,SL,4380.411937315732
2026-05-15 13:45:00,LONG,79111.01904,,2026-05-15 13:50:00,78831.54618007135,-0.011198000000000242,1,SL,4331.360084441669
2026-05-15 14:05:00,LONG,79091.21508,79223.0337718,2026-05-15 14:20:00,79128.11376820866,0.002599800000000081,3,TP1+LOCK,4342.620754389201
2026-05-15 14:30:00,LONG,79122.22128,79254.09164880001,2026-05-15 14:45:00,79159.13443363449,0.0025998000000001433,3,TP1+LOCK,4353.9106998264615
2026-05-15 14:55:00,LONG,79136.42412000001,79268.31816020001,2026-05-15 15:15:00,79173.34389973279,0.0025997999999999325,4,TP1+LOCK,4365.229996863871
2026-05-15 15:25:00,LONG,79122.42132000001,79254.29202220001,2026-05-15 16:45:00,79180.01083,0.0029917798464561517,16,TP1+TRAIL,4378.2898039936335
2026-05-16 04:05:00,LONG,79102.91742,,2026-05-16 04:30:00,78823.47318039427,-0.011198000000000284,5,SL,4329.261714768511
2026-05-16 04:40:00,LONG,78970.89102000001,,2026-05-16 06:40:00,78691.9131856567,-0.011197999999999755,24,SL,4280.782642086535
2026-05-16 06:55:00,LONG,78625.92203999999,,2026-05-16 07:10:00,78348.16286607335,-0.011197999999999826,3,SL,4232.846438060451
2026-05-16 07:20:00,LONG,78394.17569999999,78524.8326595,2026-05-16 07:45:00,78430.74919610322,0.0025997999999998527,5,TP1+LOCK,4243.85099223012
2026-05-16 07:55:00,LONG,78349.96686,78480.5501381,2026-05-16 08:45:00,78395.07499142857,0.002763589352421373,10,TP1+TRAIL,4255.57925364551
2026-05-16 08:55:00,LONG,78405.1779,,2026-05-16 09:15:00,78128.1985415386,-0.011197999999999788,4,SL,4207.925277163188
2026-05-17 01:45:00,LONG,77782.85346,77912.4915491,2026-05-17 02:15:00,77819.14175390085,0.0025997999999997053,6,TP1+LOCK,4218.865041298755
2026-05-17 02:25:00,LONG,77880.47297999999,78010.2737683,2026-05-17 03:55:00,77951.9065,0.003275829856959659,18,TP1+TRAIL,4232.685325363525
2026-05-17 06:30:00,LONG,78078.91266,78209.0441811,2026-05-17 10:15:00,78381.32774142857,0.0077097968668978275,45,TP1+TRAIL,4265.318469423577
2026-05-17 11:35:00,LONG,78337.96446,78468.5277341,2026-05-17 12:40:00,78412.22156142858,0.003321860433962943,13,TP1+TRAIL,4279.487262085407
2026-05-17 12:50:00,LONG,78358.76862,,2026-05-17 14:00:00,78081.95321005509,-0.01119799999999987,14,SL,4231.565563724575
2026-05-17 21:05:00,LONG,78238.74462,78369.1425277,2026-05-17 21:40:00,78354.12961071428,0.0041121710530000214,7,TP1+TRAIL,4248.966485144596
2026-05-17 22:05:00,LONG,78095.51598,,2026-05-17 22:50:00,77819.63055388132,-0.011197999999999956,9,SL,4201.386558443947
2026-05-17 23:00:00,LONG,77911.17912,,2026-05-17 23:15:00,77635.9448945621,-0.011197999999999372,3,SL,4154.339431762494
2026-05-17 23:25:00,LONG,77811.35916,,2026-05-17 23:40:00,77536.47756520745,-0.011198000000000052,3,SL,4107.8191388056175
2026-05-17 23:50:00,LONG,77464.4898,,2026-05-18 00:00:00,77190.83357903319,-0.011198000000000177,2,SL,4061.8197800892717
2026-05-18 00:10:00,LONG,77193.13553999999,,2026-05-18 00:30:00,76920.43792318234,-0.01119800000000031,4,SL,4016.335522191831
2026-05-18 00:40:00,LONG,76997.79647999999,77126.1261408,2026-05-18 01:00:00,77033.71851865112,0.002599800000000056,4,TP1+LOCK,4026.7771912824255
2026-05-18 01:25:00,LONG,76871.57123999999,76999.69052539999,2026-05-18 02:20:00,76951.59945857144,0.00346159586594608,11,TP1+TRAIL,4040.716266560855
2026-05-18 02:30:00,LONG,76988.3946,,2026-05-18 02:50:00,76716.42026467642,-0.011197999999999323,4,SL,3995.468325807909
2026-05-18 03:00:00,LONG,76940.58503999999,,2026-05-18 06:05:00,76668.77959991535,-0.011198000000000194,37,SL,3950.7270714955116
2026-05-18 06:15:00,LONG,76805.55803999999,76933.56730339999,2026-05-18 07:10:00,76841.39039301091,0.0025997999999998866,11,TP1+LOCK,3960.998171735985
2026-05-18 07:20:00,LONG,76804.95792,76932.9661832,2026-05-18 07:40:00,76881.18854357144,0.003388783256365449,4,TP1+TRAIL,3974.4211360188583
2026-05-18 07:50:00,LONG,77032.10334,77160.4901789,2026-05-18 08:10:00,77068.04138394487,0.002599799999999658,4,TP1+LOCK,3984.7538360882786
2026-05-18 13:50:00,LONG,77023.60164,,2026-05-18 14:00:00,76751.50292993976,-0.011197999999999847,2,SL,3940.132562631763
2026-05-18 14:10:00,LONG,76682.8335,,2026-05-18 14:15:00,76411.938610189,-0.011197999999999831,1,SL,3896.0109581954134
2026-05-18 14:25:00,LONG,76628.8227,,2026-05-18 14:30:00,76358.1186123418,-0.011198000000000125,1,SL,3852.383427485541
2026-05-18 14:40:00,LONG,76466.89032,,2026-05-18 15:00:00,76196.75828546289,-0.011198000000000017,4,SL,3809.2444378645573
2026-05-18 15:10:00,LONG,76266.95034,76394.0619239,2026-05-18 16:00:00,76302.53141456527,0.0025997999999996134,10,TP1+LOCK,3819.147711554116
2026-05-18 16:10:00,LONG,76496.89632,76624.3911472,2026-05-18 16:20:00,76532.58467202981,0.002599799999999884,2,TP1+LOCK,3829.0767317746136
2026-05-18 16:30:00,LONG,76369.7709,76497.05385150001,2026-05-18 16:40:00,76405.39994378388,0.0025998000000000193,2,TP1+LOCK,3839.031565461881
2026-05-18 16:50:00,LONG,76397.97653999999,76525.3065009,2026-05-18 18:00:00,76545.01293499999,0.004786916676183721,14,TP1+TRAIL,3857.4086896829867
2026-05-19 14:25:00,LONG,76438.08456,,2026-05-19 14:45:00,76168.05428661103,-0.011198000000000367,4,SL,3814.213427175915
2026-05-19 14:55:00,LONG,76380.97314,76508.2747619,2026-05-19 15:20:00,76416.60741000224,0.002599799999999731,5,TP1+LOCK,3824.1296192438863
2026-05-19 15:30:00,LONG,76526.3022,76653.84603700001,2026-05-19 17:25:00,76829.44889357143,0.007842009835634624,23,TP1+TRAIL,3854.1184813307386
2026-05-21 00:40:00,SHORT,77684.46,,2026-05-21 00:50:00,77958.99688164,-0.01120200000000002,2,SL,3810.9446461028715
2026-05-21 01:00:00,SHORT,77934.31001999999,77804.41950329999,2026-05-21 01:40:00,77897.93028408266,0.0026002000000000386,8,TP1+LOCK,3820.8538643716684
2026-05-21 18:00:00,SHORT,77651.36662,77521.94767563333,2026-05-21 19:00:00,77480.05005428572,0.00520934096535578,12,TP1+TRAIL,3840.7579949299775
2026-05-21 19:15:00,SHORT,77549.48700000001,,2026-05-21 23:15:00,77600.41698,-0.0025702250254725566,48,TIME,3830.886382614625
2026-05-22 03:45:00,SHORT,77732.35042,77602.79650263333,2026-05-22 05:05:00,77664.26546142856,0.0032138344242181446,16,TP1+TRAIL,3843.19821714634
2026-05-22 15:05:00,LONG,76864.56984,,2026-05-22 15:20:00,76593.03293627857,-0.011197999999999451,3,SL,3800.1620835107374
2026-05-22 19:35:00,LONG,75798.55668,75924.8876078,2026-05-22 20:20:00,75833.91923330976,0.00259979999999997,9,TP1+LOCK,3810.0417448954486
2026-05-22 20:30:00,LONG,75924.48186,76051.0226631,2026-05-22 21:40:00,75959.90316160375,0.0025997999999999768,14,TP1+LOCK,3819.9470914238277
2026-05-23 04:50:00,LONG,75497.19642000001,,2026-05-23 07:05:00,75230.48999078029,-0.011197999999999896,27,SL,3777.171323894064
2026-05-23 07:15:00,LONG,75287.75454,,2026-05-23 07:45:00,75021.78799912836,-0.011197999999999967,6,SL,3734.8745594090983
2026-05-23 07:55:00,LONG,74588.01462,74712.3279777,2026-05-23 08:20:00,74622.81241508738,0.002599799999999773,5,TP1+LOCK,3744.5844862886493
