month,n,wr_pct,start_bal,end_bal,ret_pct,within_dd
2019-09,16,100.0,5000.0,5589.328381567984,11.786567631359679,0.0
2019-10,20,100.0,5589.328381567984,6506.115118815413,16.40244900032588,0.0
2019-11,29,89.65517241379311,6506.115118815413,6498.299413943872,-0.12012859792378539,10.12733155343132
2019-12,21,85.71428571428571,6498.299413943872,6208.15549063512,-4.464920817378304,7.627617057863613
2020-01,51,96.07843137254902,6208.15549063512,7434.227320749088,19.749373738519793,4.674962750716309
2020-02,55,96.36363636363636,7434.227320749088,8844.25468330991,18.966696897005075,4.97950441287303
2020-03,30,90.0,8844.25468330991,9211.363194013558,4.150813424633992,9.592127163160404
2020-04,51,92.15686274509804,9211.363194013558,10308.455643004878,11.91020727208234,9.085339711216346
2020-05,55,96.36363636363636,10308.455643004878,13517.184754230191,31.12715640778545,4.674962750716297
2020-06,31,83.87096774193549,13517.184754230191,12179.042698057525,-9.899561783779687,11.70302137425663
2020-07,17,100.0,12179.042698057525,13219.160493095393,8.540226196955203,0.0
2020-08,42,95.23809523809523,13219.160493095393,14313.555155446693,8.278851466573256,5.881847536523438
2020-09,35,91.42857142857143,14313.555155446693,14720.97637745054,2.8464013138539856,8.695312365703781
2020-10,29,93.10344827586206,14720.97637745054,15692.689461472813,6.6008738762106445,5.781376042179147
2020-11,56,91.07142857142857,15692.689461472813,17047.17109621904,8.631290627853305,11.759969411339645
2020-12,58,94.82758620689656,17047.17109621904,21198.088594609333,24.349597214466524,6.829273224439341
2021-01,63,95.23809523809523,21198.088594609333,28927.413577606992,36.46236757857133,8.695312365703762
2021-02,65,96.92307692307692,28927.413577606992,37302.76791319916,28.953000976470356,4.6749627507162925
2021-03,64,96.875,37302.76791319916,49971.43735186978,33.961741037956486,4.674962750716313
2021-04,70,95.71428571428572,49971.43735186978,61517.989220208045,23.106303280880567,5.5502889640444755
2021-05,75,97.33333333333334,61517.989220208045,81624.26279268773,32.683567566728875,9.085339711216319
2021-06,43,95.34883720930233,81624.26279268773,90560.65043392764,10.948200125172193,4.650820512820538
2021-07,47,97.87234042553192,90560.65043392764,109688.31805280935,21.121389397304636,4.674962750716335
2021-08,54,96.29629629629629,109688.31805280935,146839.27133631206,33.86956235906216,6.290951620521505
2021-09,57,98.24561403508771,146839.27133631206,196704.3979878006,33.958985357044156,4.674962750716303
2021-10,58,96.55172413793103,196704.3979878006,248656.40936034734,26.411209868204754,7.793557384693907
2021-11,58,96.55172413793103,248656.40936034734,310404.7032369024,24.83277790240701,8.695312365703757
2021-12,49,89.79591836734694,310404.7032369024,309416.9183243375,-0.31822485363922626,16.419838340440027
2022-01,33,100.0,309416.9183243375,370067.1912909515,19.60147276208053,0.0
2022-02,38,100.0,370067.1912909515,498883.07708135946,34.808783059379955,0.0
2022-03,69,97.10144927536231,498883.07708135946,752881.8462931729,50.91348672273974,4.674962750716297
2022-04,40,95.0,752881.8462931729,869019.3989769948,15.425734231158206,8.00083828867599
2022-05,22,100.0,869019.3989769948,962451.2956465035,10.751416686381932,0.0
2022-06,28,96.42857142857143,962451.2956465035,1102938.7885059773,14.596841782534531,4.650820512820535
2022-07,54,90.74074074074075,1102938.7885059773,1161160.12790452,5.278746201084128,7.641139976363457
2022-08,42,90.47619047619048,1161160.12790452,1215870.816915975,4.711726461895349,6.8828963763280555
2022-09,39,97.43589743589743,1215870.816915975,1413588.8576494744,16.261434848399947,4.6508205128205224
2022-10,47,95.74468085106383,1413588.8576494744,1566467.745106122,10.814947120540808,4.674962750716323
2022-11,21,90.47619047619048,1566467.745106122,1604079.1130384682,2.4010304744447986,9.13137273422673
2022-12,10,100.0,1604079.1130384682,1692339.1511198643,5.502224757120167,0.0
2023-01,19,94.73684210526315,1692339.1511198643,1758406.2438059915,3.9038919972045116,4.650820512820535
2023-02,48,93.75,1758406.2438059915,2107749.9322654186,19.867063694183006,4.674962750716323
2023-03,51,92.15686274509804,2107749.9322654186,2416667.797270508,14.656286321075251,6.459065966528716
2023-04,26,100.0,2416667.797270508,2844332.3451369763,17.69645577060661,0.0
2023-05,32,93.75,2844332.3451369763,3083119.619757626,8.395195977323478,6.0949881441120155
2023-06,34,97.05882352941177,3083119.619757626,3484044.329792042,13.003864899213147,4.674962750716337
2023-07,16,93.75,3484044.329792042,3602667.8088785275,3.4047637704301525,4.674962750716326
2023-08,15,86.66666666666667,3602667.8088785275,3496376.2385435933,-2.9503572345189855,8.25715943068433
2023-09,15,93.33333333333333,3496376.2385435933,3572110.232318487,2.166071057800134,4.674962750716298
2023-10,33,96.96969696969697,3572110.232318487,4032133.0941886,12.878182137496186,4.65082051282049
2023-11,23,86.95652173913044,4032133.0941886,4146174.5492799343,2.828315743240206,5.531880334345743
2023-12,42,97.61904761904762,4146174.5492799343,4735014.880392217,14.202014992700839,4.674962750716309
2024-01,52,90.38461538461539,4735014.880392217,5330866.254689973,12.583938791094141,10.422282967475894
2024-02,31,96.7741935483871,5330866.254689973,5965602.777438866,11.906817624442677,4.650820512820489
2024-03,30,100.0,5965602.777438866,8153012.752177095,36.667040303298926,0.0
2024-04,52,92.3076923076923,8153012.752177095,8640555.874044495,5.979913642809054,13.346093244790397
2024-05,56,96.42857142857143,8640555.874044495,11188680.371592773,29.490284360091113,4.674962750716329
2024-06,26,96.15384615384616,11188680.371592773,11997918.687103117,7.232652007514129,4.67496275071628
2024-07,55,96.36363636363636,11997918.687103117,14977451.074715793,24.833743796042352,9.131372734226755
2024-08,60,98.33333333333333,14977451.074715793,19300233.985092018,28.86193978409142,4.674962750716285
2024-09,43,97.67441860465115,19300233.985092018,24181120.556878716,25.28926113308687,4.674962750716343
2024-10,30,93.33333333333333,24181120.556878716,26911515.53304344,11.291432792546985,4.674962750716298
2024-11,43,100.0,26911515.53304344,36001916.781817645,33.778852913774074,0.0
2024-12,55,92.72727272727272,36001916.781817645,39506713.16886506,9.735027188378687,8.467093043978274
2025-01,47,93.61702127659575,39506713.16886506,43607906.24709317,10.381002997384826,4.674962750716346
2025-02,37,94.5945945945946,43607906.24709317,52192006.37070518,19.68473348610771,4.674962750716354
2025-03,37,100.0,52192006.37070518,61770609.22657424,18.352624323033172,0.0
2025-04,34,97.05882352941177,61770609.22657424,68328769.1885436,10.616958524585796,4.674962750716341
2025-05,28,96.42857142857143,68328769.1885436,80623508.43390858,17.993503163271352,4.6508205128205224
2025-06,18,77.77777777777779,80623508.43390858,74190913.02846421,-7.978560509702348,11.17687540212315
2025-07,31,96.7741935483871,74190913.02846421,86197376.19386636,16.183199094470947,4.674962750716278
2025-08,24,95.83333333333334,86197376.19386636,91757241.34630072,6.4501559072165815,4.650820512820529
2025-09,16,93.75,91757241.34630072,95511761.47237664,4.091797084336912,4.650820512820544
2025-10,30,83.33333333333334,95511761.47237664,84198832.38258463,-11.844540311471352,15.991192564940143
2025-11,29,86.20689655172413,84198832.38258463,78193840.90849583,-7.131917752497063,14.160745725075973
2025-12,20,85.0,78193840.90849583,73614020.05829078,-5.857009704337779,6.790483224923621
2026-01,32,90.625,73614020.05829078,74681384.49619624,1.449947220733594,8.1965984631616
2026-02,28,100.0,74681384.49619624,89322324.75912873,19.60453781313898,0.0
2026-03,34,94.11764705882352,89322324.75912873,104511869.97867413,17.00531783124355,6.104184998158789
2026-04,39,100.0,104511869.97867413,134245736.6382423,28.45022930470522,0.0
2026-05,15,100.0,134245736.6382423,144049795.3092768,7.303068921625355,0.0
